"??????? ??????","??????? ?????","???????? ?????","?????","?????? ????????????","??? ????????????","????????, ???","??????????","???????? / ?? ????????","????","??????","???????","????????","?????????????? ?? JSON","ID","???? JSON","???????????","Alt ???????????"
"","FALSE","","Ballu","????? ???????: 9","","","","","","","","????????? ??????? ? ??????? B, ????? ??????? ???? ?????. ?????? ???? ????? ????????/?????????? ??????? ?????.","","","","",""
"FALSE","","=OR(A3,INDEX($B:$B,MATCH(D3,$D:$D,0)))","Ballu","Ballu BLC_C-18HN1","?????????","5.3","18","onoff","135000","RUB","Есть в наличии","Кассетная сплит-система для офиса, магазина или коммерческого помещения с подвесным потолком.","Тип: кассетная сплит-система Холодопроизводительность: около 5.3 кВт Теплопроизводительность: около 5.8 кВт Типоразмер: 18 Компрессор: On/Off Площадь помещения: до 50–55 м² Рекомендуется для помещений с подвесным потолком","ballu-blc-c-18hn1","assets/data/products/ballu-blc-c-18hn1.json","./assets/images/products/_defaults/conditioner-placeholder.svg","Кондиционер Ballu BLC_C-18HN1"
"FALSE","","=OR(A4,INDEX($B:$B,MATCH(D4,$D:$D,0)))","Ballu","Ballu BLC_C-24HN1","?????????","7","24","onoff","159000","RUB","Есть в наличии","Кассетная сплит-система для офисов, торговых помещений, салонов и небольших залов.","Тип: кассетная сплит-система Холодопроизводительность: около 7.0 кВт Теплопроизводительность: около 7.7 кВт Типоразмер: 24 Компрессор: On/Off Площадь помещения: до 70 м² Равномерное распределение воздуха в четыре стороны","ballu-blc-c-24hn1","assets/data/products/ballu-blc-c-24hn1.json","./assets/images/products/_defaults/conditioner-placeholder.svg","Кондиционер Ballu BLC_C-24HN1"
"FALSE","","=OR(A5,INDEX($B:$B,MATCH(D5,$D:$D,0)))","Ballu","Ballu BLCI_C-36HN1_24Y","?????????","10.55","36","????????","279000","RUB","Есть в наличии","Инверторная кассетная сплит-система для крупных коммерческих помещений.","Тип: кассетная сплит-система Холодопроизводительность: 10.55 кВт Теплопроизводительность: 11.15 кВт Типоразмер: 36 Компрессор: Инверторный Площадь помещения: до 105–111 м² Подходит для офисов open space, магазинов и залов","ballu-blci-c-36hn1-24y","assets/data/products/ballu-blci-c-36hn1-24y.json","./assets/images/products/_defaults/conditioner-placeholder.svg","Кондиционер Ballu BLCI_C-36HN1_24Y"
"FALSE","","=OR(A6,INDEX($B:$B,MATCH(D6,$D:$D,0)))","Ballu","Ballu BPAC-09 CP/N1_24Y","?????????","2.6","09","onoff","31990","RUB","Есть в наличии","Мобильный напольный кондиционер для квартиры, дачи или небольшого офиса.","Тип: мобильный напольный кондиционер Холодопроизводительность: около 2.6 кВт Типоразмер: 09 Компрессор: On/Off Площадь помещения: до 25–26 м² Требуется вывод горячего воздуха через воздуховод Режимы: охлаждение, вентиляция, осушение","ballu-bpac-09-cp-n1-24y","assets/data/products/ballu-bpac-09-cp-n1-24y.json","./assets/images/products/_defaults/conditioner-placeholder.svg","Кондиционер Ballu BPAC-09 CP/N1_24Y"
"FALSE","","=OR(A7,INDEX($B:$B,MATCH(D7,$D:$D,0)))","Ballu","Ballu BPAC-12 CP/N1_24Y","?????????","3.5","12","onoff","39990","RUB","Есть в наличии","Мобильный кондиционер для квартиры, офиса или временного охлаждения помещения.","Тип: мобильный напольный кондиционер Холодопроизводительность: около 3.5 кВт Типоразмер: 12 Компрессор: On/Off Площадь помещения: до 35 м² Требуется вывод горячего воздуха через воздуховод Режимы: охлаждение, вентиляция, осушение","ballu-bpac-12-cp-n1-24y","assets/data/products/ballu-bpac-12-cp-n1-24y.json","./assets/images/products/_defaults/conditioner-placeholder.svg","Кондиционер Ballu BPAC-12 CP/N1_24Y"
"FALSE","","=OR(A8,INDEX($B:$B,MATCH(D8,$D:$D,0)))","Ballu","Ballu BPAC-12 IN/N6","?????????","3.5","12","????????","54990","RUB","Есть в наличии","Мобильный инверторный кондиционер для комнаты, офиса или дачи.","Тип: мобильный напольный кондиционер Холодопроизводительность: 3.5 кВт Теплопроизводительность: около 2.93 кВт Типоразмер: 12 Компрессор: Инверторный Площадь помещения: до 35–37 м² Требуется вывод воздуховода в окно","ballu-bpac-12-in-n6","assets/data/products/ballu-bpac-12-in-n6.json","./assets/images/products/_defaults/conditioner-placeholder.svg","Кондиционер Ballu BPAC-12 IN/N6"
"FALSE","","=OR(A9,INDEX($B:$B,MATCH(D9,$D:$D,0)))","Ballu","Ballu Eco Smart DC Inverter BSYI-09HN8/ES_23Y","?????????","2.6","09","????????","36990","RUB","Есть в наличии","Инверторная настенная сплит-система для спальни, кабинета или небольшой гостиной.","Холодопроизводительность: 2.6 кВт Теплопроизводительность: 2.6 кВт Типоразмер: 09 Компрессор: Инверторный Площадь помещения: до 25–26 м² Уровень шума внутреннего блока: от 22 дБ Хладагент: R32 Wi‑Fi: опция","ballu-eco-smart-dc-inverter-bsyi-09hn8-es-23y","assets/data/products/ballu-eco-smart-dc-inverter-bsyi-09hn8-es-23y.json","./assets/images/products/_defaults/conditioner-placeholder.svg","Кондиционер Ballu Eco Smart DC Inverter BSYI-09HN8/ES_23Y"
"FALSE","","=OR(A10,INDEX($B:$B,MATCH(D10,$D:$D,0)))","Ballu","Ballu Eco Smart DC Inverter BSYI-12HN8/ES_23Y","?????????","3.5","12","????????","43990","RUB","Есть в наличии","Инверторная сплит-система для большой комнаты, гостиной или небольшого офиса.","Холодопроизводительность: около 3.5 кВт Теплопроизводительность: около 3.6 кВт Типоразмер: 12 Компрессор: Инверторный Площадь помещения: до 35 м² Уровень шума внутреннего блока: от 22 дБ Хладагент: R32 Wi‑Fi: опция","ballu-eco-smart-dc-inverter-bsyi-12hn8-es-23y","assets/data/products/ballu-eco-smart-dc-inverter-bsyi-12hn8-es-23y.json","./assets/images/products/_defaults/conditioner-placeholder.svg","Кондиционер Ballu Eco Smart DC Inverter BSYI-12HN8/ES_23Y"
"FALSE","","=OR(A11,INDEX($B:$B,MATCH(D11,$D:$D,0)))","Ballu","Ballu Odyssey DC Inverter BSOI-10HN8","?????????","2.78","10","????????","35690","RUB","Есть в наличии","Инверторная модель для жилой комнаты или офиса площадью около 25–28 м².","Холодопроизводительность: 2.78 кВт Теплопроизводительность: 3.22 кВт Типоразмер: 10 Компрессор: Инверторный Площадь помещения: до 26–28 м² Уровень шума внутреннего блока: от 20–21.5 дБ Режимы: охлаждение, обогрев, осушение, вентиляция Wi‑Fi: опция","ballu-odyssey-dc-inverter-bsoi-10hn8","assets/data/products/ballu-odyssey-dc-inverter-bsoi-10hn8.json","./assets/images/products/_defaults/conditioner-placeholder.svg","Кондиционер Ballu Odyssey DC Inverter BSOI-10HN8"
"","FALSE","","Daichi","????? ???????: 4","","","","","","","","????????? ??????? ? ??????? B, ????? ??????? ???? ?????. ?????? ???? ????? ????????/?????????? ??????? ?????.","","","","",""
"FALSE","","=OR(A13,INDEX($B:$B,MATCH(D13,$D:$D,0)))","Daichi","Daichi Alpha 3 A25AVQR3_1Y/A25FVR3_1Y","?????????","2.55","09","onoff","49900","RUB","Есть в наличии","Облачный кондиционер для комнаты до 25 м² с управлением через сервис Daichi.","Холодопроизводительность: 2.55 кВт Теплопроизводительность: 2.6 кВт Типоразмер: 09 Компрессор: On/Off Площадь помещения: до 25 м² Хладагент: R32 Класс энергоэффективности: A/A Особенности: облачное управление, Wi‑Fi-контроллер","daichi-alpha-3-a25avqr3-1y-a25fvr3-1y","assets/data/products/daichi-alpha-3-a25avqr3-1y-a25fvr3-1y.json","./assets/images/products/_defaults/conditioner-placeholder.svg","Кондиционер Daichi Alpha 3 A25AVQR3_1Y/A25FVR3_1Y"
"FALSE","","=OR(A14,INDEX($B:$B,MATCH(D14,$D:$D,0)))","Daichi","Daichi DA100BLCS1R1 / DF100BLS1R1 / DPC06L","?????????","10","36","????????","329000","RUB","Есть в наличии","Кассетная инверторная система для коммерческих помещений большой площади.","Тип: кассетная сплит-система Холодопроизводительность: около 10.0 кВт Теплопроизводительность: около 11.2 кВт Типоразмер: 36 Компрессор: Инверторный Площадь помещения: до 100 м² Для офисов open space, кафе и магазинов","daichi-da100blcs1r1-df100bls1r1-dpc06l","assets/data/products/daichi-da100blcs1r1-df100bls1r1-dpc06l.json","./assets/images/products/_defaults/conditioner-placeholder.svg","Кондиционер Daichi DA100BLCS1R1 / DF100BLS1R1 / DPC06L"
"FALSE","","=OR(A15,INDEX($B:$B,MATCH(D15,$D:$D,0)))","Daichi","Daichi DA140BLCS1R1 / DF140BLS3R1 / DPC06L","?????????","14","48","????????","419000","RUB","Есть в наличии","Мощная кассетная система для больших торговых и административных помещений.","Тип: кассетная сплит-система Холодопроизводительность: около 14.0 кВт Теплопроизводительность: около 16.0 кВт Типоразмер: 48 Компрессор: Инверторный Площадь помещения: до 140 м² Трёхфазное питание наружного блока у ряда комплектаций","daichi-da140blcs1r1-df140bls3r1-dpc06l","assets/data/products/daichi-da140blcs1r1-df140bls3r1-dpc06l.json","./assets/images/products/_defaults/conditioner-placeholder.svg","Кондиционер Daichi DA140BLCS1R1 / DF140BLS3R1 / DPC06L"
"FALSE","","=OR(A16,INDEX($B:$B,MATCH(D16,$D:$D,0)))","Daichi","Daichi DA70BLCS1R1 / DF70BLS1R1 / DPC06L","?????????","7.1","24","????????","255000","RUB","Есть в наличии","Кассетная сплит-система для офиса, магазина или салона среднего размера.","Тип: кассетная сплит-система Холодопроизводительность: около 7.1 кВт Теплопроизводительность: около 8.0 кВт Типоразмер: 24 Компрессор: Инверторный Площадь помещения: до 70–75 м² Декоративная панель: в комплекте или по конфигурации","daichi-da70blcs1r1-df70bls1r1-dpc06l","assets/data/products/daichi-da70blcs1r1-df70bls1r1-dpc06l.json","./assets/images/products/_defaults/conditioner-placeholder.svg","Кондиционер Daichi DA70BLCS1R1 / DF70BLS1R1 / DPC06L"
"","FALSE","","Daikin","????? ???????: 3","","","","","","","","????????? ??????? ? ??????? B, ????? ??????? ???? ?????. ?????? ???? ????? ????????/?????????? ??????? ?????.","","","","",""
"FALSE","","=OR(A18,INDEX($B:$B,MATCH(D18,$D:$D,0)))","Daikin","Daikin FCAG35A / RXS35L","?????????","3.5","12","????????","310000","RUB","Есть в наличии","Премиальная кассетная инверторная система для небольшого офиса или кабинета.","Тип: кассетная сплит-система Холодопроизводительность: около 3.5 кВт Теплопроизводительность: около 4.0 кВт Типоразмер: 12 Компрессор: Инверторный Площадь помещения: до 35 м² Премиальный полупромышленный сегмент","daikin-fcag35a-rxs35l","assets/data/products/daikin-fcag35a-rxs35l.json","./assets/images/products/_defaults/conditioner-placeholder.svg","Кондиционер Daikin FCAG35A / RXS35L"
"FALSE","","=OR(A19,INDEX($B:$B,MATCH(D19,$D:$D,0)))","Daikin","Daikin FCAG50A / ARXM50M9","?????????","5.7","18","????????","420000","RUB","Есть в наличии","Премиальная кассетная инверторная система для офиса, салона или коммерческого помещения.","Тип: кассетная сплит-система Холодопроизводительность: около 5.7 кВт Теплопроизводительность: около 6.0 кВт Типоразмер: 18 Компрессор: Инверторный Площадь помещения: до 50–60 м² Подходит для помещений с высокими требованиями к комфорту","daikin-fcag50a-arxm50m9","assets/data/products/daikin-fcag50a-arxm50m9.json","./assets/images/products/_defaults/conditioner-placeholder.svg","Кондиционер Daikin FCAG50A / ARXM50M9"
"FALSE","","=OR(A20,INDEX($B:$B,MATCH(D20,$D:$D,0)))","Daikin","Daikin Sensira FTXF25D/RXF25D","?????????","2.5","09","????????","106990","RUB","Есть в наличии","Премиальная инверторная сплит-система для спальни или комнаты до 25 м².","Холодопроизводительность: 2.5 кВт Теплопроизводительность: 2.8 кВт Типоразмер: 09 Компрессор: Инверторный Площадь помещения: до 25 м² Уровень шума внутреннего блока: от 20 дБ Класс сезонной энергоэффективности: A++ Wi‑Fi: опция","daikin-sensira-ftxf25d-rxf25d","assets/data/products/daikin-sensira-ftxf25d-rxf25d.json","./assets/images/products/_defaults/conditioner-placeholder.svg","Кондиционер Daikin Sensira FTXF25D/RXF25D"
"","FALSE","","DEXP","????? ???????: 5","","","","","","","","????????? ??????? ? ??????? B, ????? ??????? ???? ?????. ?????? ???? ????? ????????/?????????? ??????? ?????.","","","","",""
"FALSE","","=OR(A22,INDEX($B:$B,MATCH(D22,$D:$D,0)))","DEXP","DEXP AC-CDW12ONF","?????????","3.6","12","onoff","22999","RUB","Есть в наличии","Бюджетная настенная сплит-система для большой комнаты до 35 м².","Холодопроизводительность: 12300 BTU Типоразмер: 12 Компрессор: On/Off Площадь помещения: до 35 м² Уровень шума внутреннего блока: около 34 дБ Wi‑Fi: есть Режимы: охлаждение, обогрев, вентиляция, осушение Класс: бюджетный сегмент","dexp-ac-cdw12onf","assets/data/products/dexp-ac-cdw12onf.json","./assets/images/products/_defaults/conditioner-placeholder.svg","Кондиционер DEXP AC-CDW12ONF"
"FALSE","","=OR(A23,INDEX($B:$B,MATCH(D23,$D:$D,0)))","DEXP","DEXP AC-CX7ONF","?????????","2.2","07","onoff","17999","RUB","Есть в наличии","Бюджетная настенная сплит-система для небольшой комнаты.","Мощность: 7500 BTU Типоразмер: 07 Компрессор: On/Off Площадь помещения: до 20 м² Уровень шума внутреннего блока: около 34 дБ Режимы: охлаждение, обогрев, вентиляция, осушение Ночной режим: есть Класс: бюджетный сегмент","dexp-ac-cx7onf","assets/data/products/dexp-ac-cx7onf.json","./assets/images/products/_defaults/conditioner-placeholder.svg","Кондиционер DEXP AC-CX7ONF"
"FALSE","","=OR(A24,INDEX($B:$B,MATCH(D24,$D:$D,0)))","DEXP","DEXP AC-PA09MD/W","?????????","2.6","09","onoff","27999","RUB","Есть в наличии","Бюджетный мобильный кондиционер для квартиры, комнаты или офиса.","Тип: мобильный напольный кондиционер Холодопроизводительность: около 2.6 кВт Типоразмер: 09 Компрессор: On/Off Площадь помещения: до 25–26 м² Требуется вывод воздуховода Бюджетный сегмент","dexp-ac-pa09md-w","assets/data/products/dexp-ac-pa09md-w.json","./assets/images/products/_defaults/conditioner-placeholder.svg","Кондиционер DEXP AC-PA09MD/W"
"FALSE","","=OR(A25,INDEX($B:$B,MATCH(D25,$D:$D,0)))","DEXP","DEXP AC-PD12PO/W","?????????","3.5","12","onoff","34999","RUB","Есть в наличии","Мобильный кондиционер бюджетного сегмента для помещения среднего размера.","Тип: мобильный напольный кондиционер Холодопроизводительность: около 3.5 кВт Типоразмер: 12 Компрессор: On/Off Площадь помещения: до 30–35 м² Требуется вывод горячего воздуха через воздуховод Подходит для временного охлаждения","dexp-ac-pd12po-w","assets/data/products/dexp-ac-pd12po-w.json","./assets/images/products/_defaults/conditioner-placeholder.svg","Кондиционер DEXP AC-PD12PO/W"
"FALSE","","=OR(A26,INDEX($B:$B,MATCH(D26,$D:$D,0)))","DEXP","DEXP AC-PS07MD/W","?????????","2","07","onoff","23999","RUB","Есть в наличии","Бюджетный мобильный кондиционер для небольшой комнаты или временного охлаждения.","Тип: мобильный напольный кондиционер Холодопроизводительность: около 2.0 кВт Типоразмер: 07 Компрессор: On/Off Площадь помещения: до 18–20 м² Требуется вывод горячего воздуха через воздуховод Бюджетный сегмент","dexp-ac-ps07md-w","assets/data/products/dexp-ac-ps07md-w.json","./assets/images/products/_defaults/conditioner-placeholder.svg","Кондиционер DEXP AC-PS07MD/W"
"","FALSE","","Electrolux","????? ???????: 7","","","","","","","","????????? ??????? ? ??????? B, ????? ??????? ???? ?????. ?????? ???? ????? ????????/?????????? ??????? ?????.","","","","",""
"FALSE","","=OR(A28,INDEX($B:$B,MATCH(D28,$D:$D,0)))","Electrolux","Electrolux EACC-36H/UP4-DC/N8","?????????","10.5","36","????????","315000","RUB","Есть в наличии","Инверторная кассетная сплит-система для офисов, магазинов и залов.","Тип: кассетная сплит-система Холодопроизводительность: около 10.5 кВт Теплопроизводительность: около 11.5 кВт Типоразмер: 36 Компрессор: Инверторный Площадь помещения: до 100–105 м² Хладагент: R32","electrolux-eacc-36h-up4-dc-n8","assets/data/products/electrolux-eacc-36h-up4-dc-n8.json","./assets/images/products/_defaults/conditioner-placeholder.svg","Кондиционер Electrolux EACC-36H/UP4-DC/N8"
"FALSE","","=OR(A29,INDEX($B:$B,MATCH(D29,$D:$D,0)))","Electrolux","Electrolux EACM-09 HR/N6","?????????","2.6","09","onoff","36990","RUB","Есть в наличии","Мобильный кондиционер для небольшой комнаты, кабинета или дачи.","Тип: мобильный напольный кондиционер Холодопроизводительность: 2.6 кВт Типоразмер: 09 Компрессор: On/Off Площадь помещения: до 24–26 м² Требуется вывод воздуховода Режимы: охлаждение, обогрев, вентиляция, осушение","electrolux-eacm-09-hr-n6","assets/data/products/electrolux-eacm-09-hr-n6.json","./assets/images/products/_defaults/conditioner-placeholder.svg","Кондиционер Electrolux EACM-09 HR/N6"
"FALSE","","=OR(A30,INDEX($B:$B,MATCH(D30,$D:$D,0)))","Electrolux","Electrolux EACM-12 CG/N6","?????????","3.5","12","onoff","44990","RUB","Есть в наличии","Мобильный кондиционер для квартиры, офиса или дачи.","Тип: мобильный напольный кондиционер Холодопроизводительность: около 3.5 кВт Типоразмер: 12 Компрессор: On/Off Площадь помещения: до 30–35 м² Требуется вывод горячего воздуха через воздуховод Режимы: охлаждение, вентиляция, осушение","electrolux-eacm-12-cg-n6","assets/data/products/electrolux-eacm-12-cg-n6.json","./assets/images/products/_defaults/conditioner-placeholder.svg","Кондиционер Electrolux EACM-12 CG/N6"
"FALSE","","=OR(A31,INDEX($B:$B,MATCH(D31,$D:$D,0)))","Electrolux","Electrolux EACM-12 GT/N6","?????????","3.5","12","onoff","49990","RUB","Есть в наличии","Мобильный кондиционер для бытового и офисного использования без стационарного монтажа.","Тип: мобильный напольный кондиционер Холодопроизводительность: около 3.5 кВт Типоразмер: 12 Компрессор: On/Off Площадь помещения: до 30–35 м² Требуется вывод воздуховода Подходит для временного охлаждения","electrolux-eacm-12-gt-n6","assets/data/products/electrolux-eacm-12-gt-n6.json","./assets/images/products/_defaults/conditioner-placeholder.svg","Кондиционер Electrolux EACM-12 GT/N6"
"FALSE","","=OR(A32,INDEX($B:$B,MATCH(D32,$D:$D,0)))","Electrolux","Electrolux EACU-36H/UP4-DC/N8","?????????","10.5","36","????????","309000","RUB","Есть в наличии","Инверторная напольно-потолочная система для помещений без подвесного потолка.","Тип: напольно-потолочная сплит-система Холодопроизводительность: около 10.5 кВт Теплопроизводительность: около 11.5 кВт Типоразмер: 36 Компрессор: Инверторный Площадь помещения: до 100–105 м² Установка у пола или под потолком","electrolux-eacu-36h-up4-dc-n8","assets/data/products/electrolux-eacu-36h-up4-dc-n8.json","./assets/images/products/_defaults/conditioner-placeholder.svg","Кондиционер Electrolux EACU-36H/UP4-DC/N8"
"FALSE","","=OR(A33,INDEX($B:$B,MATCH(D33,$D:$D,0)))","Electrolux","Electrolux Smartline DC EACS/I-09HSM/N8","?????????","2.78","09","????????","62540","RUB","Есть в наличии","Инверторная сплит-система для спальни или жилой комнаты с экономичной работой.","Холодопроизводительность: до 2.78 кВт Теплопроизводительность: до 3.37 кВт Типоразмер: 09 Компрессор: Инверторный Площадь помещения: до 25 м² Уровень шума внутреннего блока: от 21 дБ Работа на охлаждение: до +50 °C Wi‑Fi: опция","electrolux-smartline-dc-eacs-i-09hsm-n8","assets/data/products/electrolux-smartline-dc-eacs-i-09hsm-n8.json","./assets/images/products/_defaults/conditioner-placeholder.svg","Кондиционер Electrolux Smartline DC EACS/I-09HSM/N8"
"FALSE","","=OR(A34,INDEX($B:$B,MATCH(D34,$D:$D,0)))","Electrolux","Electrolux Smartline EACS-09HSM/N8","?????????","2.6","09","onoff","31990","RUB","Есть в наличии","Настенная сплит-система для комнаты до 25 м² от узнаваемого бренда.","Холодопроизводительность: около 2.6 кВт Теплопроизводительность: около 2.8 кВт Типоразмер: 09 Компрессор: On/Off Площадь помещения: до 25 м² Режимы: охлаждение, обогрев, осушение, вентиляция Класс энергоэффективности: A Хладагент: R32","electrolux-smartline-eacs-09hsm-n8","assets/data/products/electrolux-smartline-eacs-09hsm-n8.json","./assets/images/products/_defaults/conditioner-placeholder.svg","Кондиционер Electrolux Smartline EACS-09HSM/N8"
"","FALSE","","Funai","????? ???????: 8","","","","","","","","????????? ??????? ? ??????? B, ????? ??????? ???? ?????. ?????? ???? ????? ????????/?????????? ??????? ?????.","","","","",""
"FALSE","","=OR(A36,INDEX($B:$B,MATCH(D36,$D:$D,0)))","Funai","Funai LAC-DR105HP.C01","?????????","10.5","36","onoff","299000","RUB","Есть в наличии","Мощная кассетная система для офиса open space, магазина или зала.","Тип: кассетная сплит-система Холодопроизводительность: около 10.5 кВт Теплопроизводительность: около 11.2 кВт Типоразмер: 36 Компрессор: On/Off Площадь помещения: до 100–105 м² Полупромышленная серия DRAGON","funai-lac-dr105hp-c01","assets/data/products/funai-lac-dr105hp-c01.json","./assets/images/products/_defaults/conditioner-placeholder.svg","Кондиционер Funai LAC-DR105HP.C01"
"FALSE","","=OR(A37,INDEX($B:$B,MATCH(D37,$D:$D,0)))","Funai","Funai LAC-DR55HP.C01","?????????","5.5","18","onoff","175000","RUB","Есть в наличии","Кассетная сплит-система серии DRAGON для офиса, салона или небольшого магазина.","Тип: кассетная сплит-система Холодопроизводительность: около 5.5 кВт Теплопроизводительность: около 6.0 кВт Типоразмер: 18 Компрессор: On/Off Площадь помещения: до 55 м² Полупромышленная серия DRAGON","funai-lac-dr55hp-c01","assets/data/products/funai-lac-dr55hp-c01.json","./assets/images/products/_defaults/conditioner-placeholder.svg","Кондиционер Funai LAC-DR55HP.C01"
"FALSE","","=OR(A38,INDEX($B:$B,MATCH(D38,$D:$D,0)))","Funai","Funai LAC-DR70HP.C01","?????????","7","24","onoff","219000","RUB","Есть в наличии","Кассетная полупромышленная система для коммерческого помещения среднего размера.","Тип: кассетная сплит-система Холодопроизводительность: около 7.0 кВт Теплопроизводительность: около 7.7 кВт Типоразмер: 24 Компрессор: On/Off Площадь помещения: до 70 м² Распределение воздуха в четыре стороны","funai-lac-dr70hp-c01","assets/data/products/funai-lac-dr70hp-c01.json","./assets/images/products/_defaults/conditioner-placeholder.svg","Кондиционер Funai LAC-DR70HP.C01"
"FALSE","","=OR(A39,INDEX($B:$B,MATCH(D39,$D:$D,0)))","Funai","Funai MAC-CM40HPN04 Camomiru","?????????","4","14","onoff","49990","RUB","Есть в наличии","Мобильный кондиционер повышенной мощности для комнаты, офиса или дачи.","Тип: мобильный напольный кондиционер Холодопроизводительность: около 4.0 кВт Типоразмер: 14 Компрессор: On/Off Площадь помещения: до 39–40 м² Требуется вывод горячего воздуха через воздуховод Автоиспарение конденсата","funai-mac-cm40hpn04-camomiru","assets/data/products/funai-mac-cm40hpn04-camomiru.json","./assets/images/products/_defaults/conditioner-placeholder.svg","Кондиционер Funai MAC-CM40HPN04 Camomiru"
"FALSE","","=OR(A40,INDEX($B:$B,MATCH(D40,$D:$D,0)))","Funai","Funai MAC-CM46HPNW Camomiru Wi‑Fi","?????????","4.6","16","onoff","59990","RUB","Есть в наличии","Мощный мобильный кондиционер с Wi‑Fi для помещений без возможности установки сплит-системы.","Тип: мобильный напольный кондиционер Холодопроизводительность: около 4.6 кВт Типоразмер: 16 Компрессор: On/Off Площадь помещения: до 46 м² Wi‑Fi: есть Требуется вывод воздуховода","funai-mac-cm46hpnw-camomiru-wi-fi","assets/data/products/funai-mac-cm46hpnw-camomiru-wi-fi.json","./assets/images/products/_defaults/conditioner-placeholder.svg","Кондиционер Funai MAC-CM46HPNW Camomiru Wi‑Fi"
"FALSE","","=OR(A41,INDEX($B:$B,MATCH(D41,$D:$D,0)))","Funai","Funai MAC-CS22CON01 Crocus","?????????","2.2","07","onoff","29990","RUB","Есть в наличии","Компактный мобильный кондиционер для небольшой комнаты или рабочего кабинета.","Тип: мобильный напольный кондиционер Холодопроизводительность: около 2.2 кВт Типоразмер: 07 Компрессор: On/Off Площадь помещения: до 20–22 м² Требуется вывод воздуховода Режимы: охлаждение, вентиляция, осушение","funai-mac-cs22con01-crocus","assets/data/products/funai-mac-cs22con01-crocus.json","./assets/images/products/_defaults/conditioner-placeholder.svg","Кондиционер Funai MAC-CS22CON01 Crocus"
"FALSE","","=OR(A42,INDEX($B:$B,MATCH(D42,$D:$D,0)))","Funai","Funai Sensei RAC-SN25HP.D03","?????????","2.5","09","onoff","33190","RUB","Есть в наличии","Настенная сплит-система для комнаты до 25 м² с тихой работой и расширенной фильтрацией.","Холодопроизводительность: 2.5 кВт Теплопроизводительность: 2.6 кВт Типоразмер: 09 Компрессор: On/Off Площадь помещения: до 25 м² Уровень шума внутреннего блока: 20–35 дБ Хладагент: R410A Особенности: ионизатор, SMART Sleep, SMART Air","funai-sensei-rac-sn25hp-d03","assets/data/products/funai-sensei-rac-sn25hp-d03.json","./assets/images/products/_defaults/conditioner-placeholder.svg","Кондиционер Funai Sensei RAC-SN25HP.D03"
"FALSE","","=OR(A43,INDEX($B:$B,MATCH(D43,$D:$D,0)))","Funai","Funai Shogun RAC-SG25HP.D01","?????????","2.75","09","onoff","36900","RUB","Есть в наличии","Настенная сплит-система для комнаты до 25–26 м² с УФ-обработкой воздуха.","Холодопроизводительность: 2.75 кВт Типоразмер: 09 Компрессор: On/Off Площадь помещения: до 25–26 м² Уровень шума внутреннего блока: от 21 дБ Класс энергоэффективности: A Особенности: УФ-излучатели, SMART Air, iFeel Wi‑Fi: опция","funai-shogun-rac-sg25hp-d01","assets/data/products/funai-shogun-rac-sg25hp-d01.json","./assets/images/products/_defaults/conditioner-placeholder.svg","Кондиционер Funai Shogun RAC-SG25HP.D01"
"","FALSE","","Gree","????? ???????: 5","","","","","","","","????????? ??????? ? ??????? B, ????? ??????? ???? ?????. ?????? ???? ????? ????????/?????????? ??????? ?????.","","","","",""
"FALSE","","=OR(A45,INDEX($B:$B,MATCH(D45,$D:$D,0)))","Gree","Gree Bora Inverter GWH09AAB-K3DNA2A","?????????","2.5","09","????????","59900","RUB","Есть в наличии","Инверторная сплит-система Gree для спальни или комнаты до 25 м².","Холодопроизводительность: 2.5 кВт Теплопроизводительность: 2.5–3.5 кВт в зависимости от режима Типоразмер: 09 Компрессор: Инверторный Площадь помещения: до 25 м² Уровень шума внутреннего блока: от 24–28 дБ Работа на обогрев: до -15 °C Wi‑Fi: опция","gree-bora-inverter-gwh09aab-k3dna2a","assets/data/products/gree-bora-inverter-gwh09aab-k3dna2a.json","./assets/images/products/_defaults/conditioner-placeholder.svg","Кондиционер Gree Bora Inverter GWH09AAB-K3DNA2A"
"FALSE","","=OR(A46,INDEX($B:$B,MATCH(D46,$D:$D,0)))","Gree","Gree GKH24K3HI / GUHN24NK3HO","?????????","7","24","onoff","210000","RUB","Есть в наличии","Кассетная сплит-система для офисов, торговых помещений и салонов.","Тип: кассетная сплит-система Холодопроизводительность: около 7.0 кВт Теплопроизводительность: около 7.7 кВт Типоразмер: 24 Компрессор: On/Off Площадь помещения: до 70 м² Подходит для помещений с подвесным потолком","gree-gkh24k3hi-guhn24nk3ho","assets/data/products/gree-gkh24k3hi-guhn24nk3ho.json","./assets/images/products/_defaults/conditioner-placeholder.svg","Кондиционер Gree GKH24K3HI / GUHN24NK3HO"
"FALSE","","=OR(A47,INDEX($B:$B,MATCH(D47,$D:$D,0)))","Gree","Gree GKH36K3HI / GUHN36NM3HO","?????????","10","36","onoff","279000","RUB","Есть в наличии","Кассетная система для крупных коммерческих помещений.","Тип: кассетная сплит-система Холодопроизводительность: около 10.0 кВт Теплопроизводительность: около 11.0 кВт Типоразмер: 36 Компрессор: On/Off Площадь помещения: до 100 м² Для магазинов, офисов open space и залов","gree-gkh36k3hi-guhn36nm3ho","assets/data/products/gree-gkh36k3hi-guhn36nm3ho.json","./assets/images/products/_defaults/conditioner-placeholder.svg","Кондиционер Gree GKH36K3HI / GUHN36NM3HO"
"FALSE","","=OR(A48,INDEX($B:$B,MATCH(D48,$D:$D,0)))","Gree","Gree GKH42K3HI / GUHN42NM3HO","?????????","12","42","onoff","329000","RUB","Есть в наличии","Мощный кассетный кондиционер для больших коммерческих помещений.","Тип: кассетная сплит-система Холодопроизводительность: около 12.0 кВт Теплопроизводительность: около 13.5 кВт Типоразмер: 42 Компрессор: On/Off Площадь помещения: до 120–130 м² Для крупных залов и торговых помещений","gree-gkh42k3hi-guhn42nm3ho","assets/data/products/gree-gkh42k3hi-guhn42nm3ho.json","./assets/images/products/_defaults/conditioner-placeholder.svg","Кондиционер Gree GKH42K3HI / GUHN42NM3HO"
"FALSE","","=OR(A49,INDEX($B:$B,MATCH(D49,$D:$D,0)))","Gree","Gree Pular Inverter R32 GWH09AGA-K6DNA1A","?????????","2.5","09","????????","63900","RUB","Есть в наличии","Инверторная сплит-система на R32 для комнаты до 25–30 м².","Холодопроизводительность: 2.5 кВт Теплопроизводительность: 2.8 кВт Типоразмер: 09 Компрессор: Инверторный Площадь помещения: до 25–30 м² Уровень шума внутреннего блока: от 24 дБ Класс энергоэффективности: A++ Wi‑Fi: есть или зависит от комплектации","gree-pular-inverter-r32-gwh09aga-k6dna1a","assets/data/products/gree-pular-inverter-r32-gwh09aga-k6dna1a.json","./assets/images/products/_defaults/conditioner-placeholder.svg","Кондиционер Gree Pular Inverter R32 GWH09AGA-K6DNA1A"
"","FALSE","","Haier","????? ???????: 5","","","","","","","","????????? ??????? ? ??????? B, ????? ??????? ???? ?????. ?????? ???? ????? ????????/?????????? ??????? ?????.","","","","",""
"FALSE","","=OR(A51,INDEX($B:$B,MATCH(D51,$D:$D,0)))","Haier","Haier ABH35K1ERG / 1U35S2SM1FA","?????????","3.5","12","????????","155000","RUB","Есть в наличии","Компактная кассетная сплит-система для небольшого офиса, кабинета или салона.","Тип: кассетная сплит-система Холодопроизводительность: около 3.5 кВт Теплопроизводительность: около 4.0 кВт Типоразмер: 12 Компрессор: Инверторный Площадь помещения: до 35 м² Распределение воздуха по четырём направлениям","haier-abh35k1erg-1u35s2sm1fa","assets/data/products/haier-abh35k1erg-1u35s2sm1fa.json","./assets/images/products/_defaults/conditioner-placeholder.svg","Кондиционер Haier ABH35K1ERG / 1U35S2SM1FA"
"FALSE","","=OR(A52,INDEX($B:$B,MATCH(D52,$D:$D,0)))","Haier","Haier ABH50K1ERG / 1U50S2SJ2FA","?????????","5","18","????????","199000","RUB","Есть в наличии","Кассетная сплит-система для офиса, салона, небольшого магазина или переговорной.","Тип: кассетная сплит-система Холодопроизводительность: около 5.0 кВт Теплопроизводительность: около 5.5 кВт Типоразмер: 18 Компрессор: Инверторный Площадь помещения: до 50 м² Для монтажа в подвесной потолок","haier-abh50k1erg-1u50s2sj2fa","assets/data/products/haier-abh50k1erg-1u50s2sj2fa.json","./assets/images/products/_defaults/conditioner-placeholder.svg","Кондиционер Haier ABH50K1ERG / 1U50S2SJ2FA"
"FALSE","","=OR(A53,INDEX($B:$B,MATCH(D53,$D:$D,0)))","Haier","Haier ABH71K1ERG / 1U71S2SR2FA","?????????","7.1","24","????????","255000","RUB","Есть в наличии","Кассетная инверторная система для коммерческих помещений среднего размера.","Тип: кассетная сплит-система Холодопроизводительность: около 7.1 кВт Теплопроизводительность: около 8.0 кВт Типоразмер: 24 Компрессор: Инверторный Площадь помещения: до 70–75 м² Подходит для офисов, магазинов и салонов","haier-abh71k1erg-1u71s2sr2fa","assets/data/products/haier-abh71k1erg-1u71s2sr2fa.json","./assets/images/products/_defaults/conditioner-placeholder.svg","Кондиционер Haier ABH71K1ERG / 1U71S2SR2FA"
"FALSE","","=OR(A54,INDEX($B:$B,MATCH(D54,$D:$D,0)))","Haier","Haier HSU-12HPL203/R3","?????????","3.5","12","onoff","42900","RUB","Есть в наличии","Настенная сплит-система для большой комнаты, гостиной или небольшого офиса.","Холодопроизводительность: около 3.5 кВт Теплопроизводительность: около 3.6 кВт Типоразмер: 12 Компрессор: On/Off Площадь помещения: до 35 м² Режимы: охлаждение, обогрев, осушение, вентиляция Класс энергоэффективности: A Пульт управления в комплекте","haier-hsu-12hpl203-r3","assets/data/products/haier-hsu-12hpl203-r3.json","./assets/images/products/_defaults/conditioner-placeholder.svg","Кондиционер Haier HSU-12HPL203/R3"
"FALSE","","=OR(A55,INDEX($B:$B,MATCH(D55,$D:$D,0)))","Haier","Haier Spirit On-Off HSU-09HSL103/R3-W/HSU-09HSL103/R3","?????????","2.5","09","onoff","32900","RUB","Есть в наличии","Настенная сплит-система Haier для комнаты до 25–27 м² с возможностью удаленного управления.","Холодопроизводительность: 2.5–2.7 кВт Теплопроизводительность: 2.5 кВт Типоразмер: 09 Компрессор: On/Off Площадь помещения: до 25–27 м² Потребляемая мощность при охлаждении: около 0.775 кВт Wi‑Fi: встроенный или поддерживается в зависимости от комплектации Режимы: охлаждение, обогрев, осушение, вентиляция","haier-spirit-on-off-hsu-09hsl103-r3-w-hsu-09hsl103-r3","assets/data/products/haier-spirit-on-off-hsu-09hsl103-r3-w-hsu-09hsl103-r3.json","./assets/images/products/_defaults/conditioner-placeholder.svg","Кондиционер Haier Spirit On-Off HSU-09HSL103/R3-W/HSU-09HSL103/R3"
"","FALSE","","Hisense","????? ???????: 9","","","","","","","","????????? ??????? ? ??????? B, ????? ??????? ???? ?????. ?????? ???? ????? ????????/?????????? ??????? ?????.","","","","",""
"FALSE","","=OR(A57,INDEX($B:$B,MATCH(D57,$D:$D,0)))","Hisense","Hisense AP-09CW4GGQS00","?????????","2.6","09","onoff","34990","RUB","Есть в наличии","Мобильный кондиционер для квартиры, кабинета или небольшого офиса.","Тип: мобильный напольный кондиционер Холодопроизводительность: около 2.6 кВт Типоразмер: 09 Компрессор: On/Off Площадь помещения: до 25–26 м² Требуется вывод воздуховода Режимы: охлаждение, вентиляция, осушение","hisense-ap-09cw4ggqs00","assets/data/products/hisense-ap-09cw4ggqs00.json","./assets/images/products/_defaults/conditioner-placeholder.svg","Кондиционер Hisense AP-09CW4GGQS00"
"FALSE","","=OR(A58,INDEX($B:$B,MATCH(D58,$D:$D,0)))","Hisense","Hisense AP-12CW4GLQS00","?????????","3.5","12","onoff","41990","RUB","Есть в наличии","Мобильный кондиционер для комнаты, офиса или дачи.","Тип: мобильный напольный кондиционер Холодопроизводительность: около 3.5 кВт Типоразмер: 12 Компрессор: On/Off Площадь помещения: до 35 м² Требуется вывод горячего воздуха через воздуховод Режимы: охлаждение, вентиляция, осушение","hisense-ap-12cw4glqs00","assets/data/products/hisense-ap-12cw4glqs00.json","./assets/images/products/_defaults/conditioner-placeholder.svg","Кондиционер Hisense AP-12CW4GLQS00"
"FALSE","","=OR(A59,INDEX($B:$B,MATCH(D59,$D:$D,0)))","Hisense","Hisense AP-12CW4GQCS00","?????????","3.5","12","onoff","45990","RUB","Есть в наличии","Мобильный кондиционер с расширенными функциями управления для квартиры или офиса.","Тип: мобильный напольный кондиционер Холодопроизводительность: около 3.5 кВт Типоразмер: 12 Компрессор: On/Off Площадь помещения: до 35 м² Wi‑Fi: у ряда комплектаций Требуется вывод воздуховода","hisense-ap-12cw4gqcs00","assets/data/products/hisense-ap-12cw4gqcs00.json","./assets/images/products/_defaults/conditioner-placeholder.svg","Кондиционер Hisense AP-12CW4GQCS00"
"FALSE","","=OR(A60,INDEX($B:$B,MATCH(D60,$D:$D,0)))","Hisense","Hisense AUC-18HR4RKA / AUW-18H4SF","?????????","5","18","onoff","139000","RUB","Есть в наличии","Кассетная сплит-система для офиса, небольшого торгового помещения или салона.","Тип: кассетная сплит-система Холодопроизводительность: около 5.0 кВт Теплопроизводительность: около 5.5 кВт Типоразмер: 18 Компрессор: On/Off Площадь помещения: до 50 м² Равномерная подача воздуха в четыре стороны","hisense-auc-18hr4rka-auw-18h4sf","assets/data/products/hisense-auc-18hr4rka-auw-18h4sf.json","./assets/images/products/_defaults/conditioner-placeholder.svg","Кондиционер Hisense AUC-18HR4RKA / AUW-18H4SF"
"FALSE","","=OR(A61,INDEX($B:$B,MATCH(D61,$D:$D,0)))","Hisense","Hisense AUC-24HR4RKA / AUW-24H4SF","?????????","7","24","onoff","169000","RUB","Есть в наличии","Кассетная система для магазинов, офисов и салонов среднего размера.","Тип: кассетная сплит-система Холодопроизводительность: около 7.0 кВт Теплопроизводительность: около 7.7 кВт Типоразмер: 24 Компрессор: On/Off Площадь помещения: до 70 м² Подходит для подвесных потолков","hisense-auc-24hr4rka-auw-24h4sf","assets/data/products/hisense-auc-24hr4rka-auw-24h4sf.json","./assets/images/products/_defaults/conditioner-placeholder.svg","Кондиционер Hisense AUC-24HR4RKA / AUW-24H4SF"
"FALSE","","=OR(A62,INDEX($B:$B,MATCH(D62,$D:$D,0)))","Hisense","Hisense AUC-36UR4RKC8 / AUW-36U4RK7","?????????","10.5","36","????????","289000","RUB","Есть в наличии","Инверторный кассетный кондиционер для крупных коммерческих помещений.","Тип: кассетная сплит-система Холодопроизводительность: около 10.5 кВт Теплопроизводительность: около 11.5 кВт Типоразмер: 36 Компрессор: Инверторный Площадь помещения: до 100–110 м² Для офисов open space, залов и торговых помещений","hisense-auc-36ur4rkc8-auw-36u4rk7","assets/data/products/hisense-auc-36ur4rkc8-auw-36u4rk7.json","./assets/images/products/_defaults/conditioner-placeholder.svg","Кондиционер Hisense AUC-36UR4RKC8 / AUW-36U4RK7"
"FALSE","","=OR(A63,INDEX($B:$B,MATCH(D63,$D:$D,0)))","Hisense","Hisense Neo Classic A AS-09HR4RYDDC00","?????????","2.55","09","onoff","26790","RUB","Есть в наличии","Доступная настенная сплит-система для комнаты до 24–25 м².","Холодопроизводительность: 2.55 кВт Теплопроизводительность: 2.6 кВт Типоразмер: 09 Компрессор: On/Off Площадь помещения: до 24–25 м² Уровень шума внутреннего блока: от 23–23.5 дБ Хладагент: R32 Wi‑Fi: нет","hisense-neo-classic-a-as-09hr4ryddc00","assets/data/products/hisense-neo-classic-a-as-09hr4ryddc00.json","./assets/images/products/_defaults/conditioner-placeholder.svg","Кондиционер Hisense Neo Classic A AS-09HR4RYDDC00"
"FALSE","","=OR(A64,INDEX($B:$B,MATCH(D64,$D:$D,0)))","Hisense","Hisense Neo Classic A AS-12HR4RYDDC00","?????????","3.2","12","onoff","36390","RUB","Есть в наличии","Настенная сплит-система для большой комнаты или небольшого офиса.","Холодопроизводительность: 3.2 кВт Теплопроизводительность: 3.2 кВт Типоразмер: 12 Компрессор: On/Off Площадь помещения: до 30–32 м² Уровень шума внутреннего блока: от 27–27.5 дБ Хладагент: R32 Wi‑Fi: нет","hisense-neo-classic-a-as-12hr4ryddc00","assets/data/products/hisense-neo-classic-a-as-12hr4ryddc00.json","./assets/images/products/_defaults/conditioner-placeholder.svg","Кондиционер Hisense Neo Classic A AS-12HR4RYDDC00"
"FALSE","","=OR(A65,INDEX($B:$B,MATCH(D65,$D:$D,0)))","Hisense","Hisense Smart DC Inverter AS-09UW4RYDDB05G/AS-09UW4RYDDB05W","?????????","2.6","09","????????","34890","RUB","Есть в наличии","Инверторная сплит-система для спальни или жилой комнаты с низким уровнем шума.","Холодопроизводительность: около 2.6 кВт Теплопроизводительность: около 2.8 кВт Типоразмер: 09 Компрессор: Инверторный Площадь помещения: до 25–27 м² Уровень шума внутреннего блока: от 24 дБ 5 скоростей вентилятора Индикация утечки хладагента","hisense-smart-dc-inverter-as-09uw4ryddb05g-as-09uw4ryddb05w","assets/data/products/hisense-smart-dc-inverter-as-09uw4ryddb05g-as-09uw4ryddb05w.json","./assets/images/products/_defaults/conditioner-placeholder.svg","Кондиционер Hisense Smart DC Inverter AS-09UW4RYDDB05G/AS-09UW4RYDDB05W"
"","FALSE","","Kentatsu","????? ???????: 4","","","","","","","","????????? ??????? ? ??????? B, ????? ??????? ???? ?????. ?????? ???? ????? ????????/?????????? ??????? ?????.","","","","",""
"FALSE","","=OR(A67,INDEX($B:$B,MATCH(D67,$D:$D,0)))","Kentatsu","Kentatsu Ichi KSGI26HFAN1/KSRI26HFAN1","?????????","2.64","09","onoff","33990","RUB","Есть в наличии","Надежная настенная сплит-система для комнаты до 25 м².","Холодопроизводительность: 2.6–2.64 кВт Теплопроизводительность: 2.78 кВт Типоразмер: 09 Компрессор: On/Off Площадь помещения: до 25 м² Уровень шума внутреннего блока: от 29.5 дБ Хладагент: R410A Максимальная длина трассы: до 20 м","kentatsu-ichi-ksgi26hfan1-ksri26hfan1","assets/data/products/kentatsu-ichi-ksgi26hfan1-ksri26hfan1.json","./assets/images/products/_defaults/conditioner-placeholder.svg","Кондиционер Kentatsu Ichi KSGI26HFAN1/KSRI26HFAN1"
"FALSE","","=OR(A68,INDEX($B:$B,MATCH(D68,$D:$D,0)))","Kentatsu","Kentatsu KSVG105HFAN1 / KSUT105HFAN3","?????????","10.5","36","onoff","299000","RUB","Есть в наличии","Кассетная система для крупных коммерческих помещений и офисов open space.","Тип: кассетная сплит-система Холодопроизводительность: около 10.5 кВт Теплопроизводительность: около 11.0 кВт Типоразмер: 36 Компрессор: On/Off Площадь помещения: до 100–105 м² Самодиагностика и авторестарт","kentatsu-ksvg105hfan1-ksut105hfan3","assets/data/products/kentatsu-ksvg105hfan1-ksut105hfan3.json","./assets/images/products/_defaults/conditioner-placeholder.svg","Кондиционер Kentatsu KSVG105HFAN1 / KSUT105HFAN3"
"FALSE","","=OR(A69,INDEX($B:$B,MATCH(D69,$D:$D,0)))","Kentatsu","Kentatsu KSVG53HFAN1 / KSUT53HFAN1","?????????","5.3","18","onoff","179000","RUB","Есть в наличии","Кассетная полупромышленная система для офисов и небольших коммерческих помещений.","Тип: кассетная сплит-система Холодопроизводительность: около 5.3 кВт Теплопроизводительность: около 5.6 кВт Типоразмер: 18 Компрессор: On/Off Площадь помещения: до 50–55 м² Встроенный дренажный насос у кассетного блока","kentatsu-ksvg53hfan1-ksut53hfan1","assets/data/products/kentatsu-ksvg53hfan1-ksut53hfan1.json","./assets/images/products/_defaults/conditioner-placeholder.svg","Кондиционер Kentatsu KSVG53HFAN1 / KSUT53HFAN1"
"FALSE","","=OR(A70,INDEX($B:$B,MATCH(D70,$D:$D,0)))","Kentatsu","Kentatsu KSVG70HFAN1 / KSUT70HFAN1","?????????","7","24","onoff","219000","RUB","Есть в наличии","Кассетная система для магазинов, салонов и офисов среднего размера.","Тип: кассетная сплит-система Холодопроизводительность: около 7.0 кВт Теплопроизводительность: около 7.5 кВт Типоразмер: 24 Компрессор: On/Off Площадь помещения: до 70 м² Подмес свежего воздуха: опция","kentatsu-ksvg70hfan1-ksut70hfan1","assets/data/products/kentatsu-ksvg70hfan1-ksut70hfan1.json","./assets/images/products/_defaults/conditioner-placeholder.svg","Кондиционер Kentatsu KSVG70HFAN1 / KSUT70HFAN1"
"","FALSE","","LG","????? ???????: 5","","","","","","","","????????? ??????? ? ??????? B, ????? ??????? ???? ?????. ?????? ???? ????? ????????/?????????? ??????? ?????.","","","","",""
"FALSE","","=OR(A72,INDEX($B:$B,MATCH(D72,$D:$D,0)))","LG","LG Eco Smart Inverter PC07SQR","?????????","2.14","07","????????","63900","RUB","Есть в наличии","Инверторный кондиционер LG с Wi‑Fi для небольшой комнаты или спальни.","Холодопроизводительность: 2.14 кВт Теплопроизводительность: 2.6 кВт Типоразмер: 07 Компрессор: Инверторный Dual Inverter Площадь помещения: до 20 м² Уровень шума внутреннего блока: от 22 дБ Wi‑Fi: есть, ThinQ Особенности: Jet Cool, контроль энергопотребления","lg-eco-smart-inverter-pc07sqr","assets/data/products/lg-eco-smart-inverter-pc07sqr.json","./assets/images/products/_defaults/conditioner-placeholder.svg","Кондиционер LG Eco Smart Inverter PC07SQR"
"FALSE","","=OR(A73,INDEX($B:$B,MATCH(D73,$D:$D,0)))","LG","LG Mega Dual Inverter P07SP2","?????????","2.14","07","????????","56100","RUB","Есть в наличии","Тихий инверторный кондиционер для небольшой комнаты или спальни.","Холодопроизводительность: 2.14 кВт Теплопроизводительность: 2.5 кВт Типоразмер: 07 Компрессор: Инверторный Dual Inverter Площадь помещения: до 20 м² Уровень шума внутреннего блока: от 21–22 дБ Хладагент: R410A Особенности: умная самодиагностика","lg-mega-dual-inverter-p07sp2","assets/data/products/lg-mega-dual-inverter-p07sp2.json","./assets/images/products/_defaults/conditioner-placeholder.svg","Кондиционер LG Mega Dual Inverter P07SP2"
"FALSE","","=OR(A74,INDEX($B:$B,MATCH(D74,$D:$D,0)))","LG","LG Mega Dual Inverter P09SP2","?????????","2.64","09","????????","40850","RUB","Есть в наличии","Инверторный кондиционер для комнаты до 25 м² с тихой работой.","Холодопроизводительность: 2.64 кВт Теплопроизводительность: 2.7 кВт Типоразмер: 09 Компрессор: Инверторный Dual Inverter Площадь помещения: до 25 м² Уровень шума внутреннего блока: от 21 дБ Хладагент: R410A Особенности: умная самодиагностика","lg-mega-dual-inverter-p09sp2","assets/data/products/lg-mega-dual-inverter-p09sp2.json","./assets/images/products/_defaults/conditioner-placeholder.svg","Кондиционер LG Mega Dual Inverter P09SP2"
"FALSE","","=OR(A75,INDEX($B:$B,MATCH(D75,$D:$D,0)))","LG","LG UT36F / UU37W","?????????","9.5","36","????????","395000","RUB","Есть в наличии","Кассетная инверторная система для офиса, магазина или коммерческого помещения.","Тип: кассетная сплит-система Холодопроизводительность: около 9.5 кВт Теплопроизводительность: около 10.8 кВт Типоразмер: 36 Компрессор: Инверторный Площадь помещения: до 90–100 м² Четырёхсторонний поток воздуха","lg-ut36f-uu37w","assets/data/products/lg-ut36f-uu37w.json","./assets/images/products/_defaults/conditioner-placeholder.svg","Кондиционер LG UT36F / UU37W"
"FALSE","","=OR(A76,INDEX($B:$B,MATCH(D76,$D:$D,0)))","LG","LG UV36F","?????????","9.5","36","????????","385000","RUB","Есть в наличии","Подпотолочная инверторная система для коммерческих помещений без подвесного потолка.","Тип: подпотолочная сплит-система Холодопроизводительность: около 9.5 кВт Теплопроизводительность: около 10.8 кВт Типоразмер: 36 Компрессор: Инверторный Площадь помещения: до 90–100 м² Подходит для залов, кафе и офисов","lg-uv36f","assets/data/products/lg-uv36f.json","./assets/images/products/_defaults/conditioner-placeholder.svg","Кондиционер LG UV36F"
"","FALSE","","Mitsubishi Electric","????? ???????: 4","","","","","","","","????????? ??????? ? ??????? B, ????? ??????? ???? ?????. ?????? ???? ????? ????????/?????????? ??????? ?????.","","","","",""
"FALSE","","=OR(A78,INDEX($B:$B,MATCH(D78,$D:$D,0)))","Mitsubishi Electric","Mitsubishi Electric Classic Inverter MSZ-HR25VF/MUZ-HR25VF","?????????","2.5","09","????????","116090","RUB","Есть в наличии","Премиальная инверторная сплит-система для спальни, детской или кабинета.","Холодопроизводительность: 2.5 кВт Теплопроизводительность: около 3.15 кВт Типоразмер: 09 Компрессор: Инверторный Площадь помещения: до 25 м² Уровень шума внутреннего блока: от 21 дБ Хладагент: R32 Особенности: Econo Cool, авторестарт, таймер","mitsubishi-electric-classic-inverter-msz-hr25vf-muz-hr25vf","assets/data/products/mitsubishi-electric-classic-inverter-msz-hr25vf-muz-hr25vf.json","./assets/images/products/_defaults/conditioner-placeholder.svg","Кондиционер Mitsubishi Electric Classic Inverter MSZ-HR25VF/MUZ-HR25VF"
"FALSE","","=OR(A79,INDEX($B:$B,MATCH(D79,$D:$D,0)))","Mitsubishi Electric","Mitsubishi Electric PLA-M100EA","?????????","10","36","????????","690000","RUB","Есть в наличии","Премиальная кассетная система для крупного офиса, зала или коммерческого помещения.","Тип: кассетная сплит-система Холодопроизводительность: около 10.0 кВт Теплопроизводительность: около 11.2 кВт Типоразмер: 36 Компрессор: Инверторный Площадь помещения: до 100 м² Для объектов с повышенными требованиями к надёжности","mitsubishi-electric-pla-m100ea","assets/data/products/mitsubishi-electric-pla-m100ea.json","./assets/images/products/_defaults/conditioner-placeholder.svg","Кондиционер Mitsubishi Electric PLA-M100EA"
"FALSE","","=OR(A80,INDEX($B:$B,MATCH(D80,$D:$D,0)))","Mitsubishi Electric","Mitsubishi Electric PLA-M50EA","?????????","5","18","????????","430000","RUB","Есть в наличии","Премиальная кассетная система Mr.SLIM для офисных и торговых помещений.","Тип: кассетная сплит-система Холодопроизводительность: около 5.0 кВт Теплопроизводительность: около 5.6 кВт Типоразмер: 18 Компрессор: Инверторный Площадь помещения: до 50 м² Премиальный коммерческий сегмент","mitsubishi-electric-pla-m50ea","assets/data/products/mitsubishi-electric-pla-m50ea.json","./assets/images/products/_defaults/conditioner-placeholder.svg","Кондиционер Mitsubishi Electric PLA-M50EA"
"FALSE","","=OR(A81,INDEX($B:$B,MATCH(D81,$D:$D,0)))","Mitsubishi Electric","Mitsubishi Electric PLA-M71EA","?????????","7.1","24","????????","520000","RUB","Есть в наличии","Кассетная инверторная система для офисов, торговых залов и open space.","Тип: кассетная сплит-система Холодопроизводительность: около 7.1 кВт Теплопроизводительность: около 8.0 кВт Типоразмер: 24 Компрессор: Инверторный Площадь помещения: до 70–75 м² Серия Mr.SLIM","mitsubishi-electric-pla-m71ea","assets/data/products/mitsubishi-electric-pla-m71ea.json","./assets/images/products/_defaults/conditioner-placeholder.svg","Кондиционер Mitsubishi Electric PLA-M71EA"
"","FALSE","","Mitsubishi Heavy","????? ???????: 2","","","","","","","","????????? ??????? ? ??????? B, ????? ??????? ???? ?????. ?????? ???? ????? ????????/?????????? ??????? ?????.","","","","",""
"FALSE","","=OR(A83,INDEX($B:$B,MATCH(D83,$D:$D,0)))","Mitsubishi Heavy","Mitsubishi Heavy FDE71VH","?????????","7.1","24","????????","530000","RUB","Есть в наличии","Подпотолочная система для помещений без подвесного потолка.","Тип: подпотолочная сплит-система Холодопроизводительность: около 7.1 кВт Теплопроизводительность: около 8.0 кВт Типоразмер: 24 Компрессор: Инверторный Площадь помещения: до 70–75 м² Для офисов, кафе, магазинов и залов","mitsubishi-heavy-fde71vh","assets/data/products/mitsubishi-heavy-fde71vh.json","./assets/images/products/_defaults/conditioner-placeholder.svg","Кондиционер Mitsubishi Heavy FDE71VH"
"FALSE","","=OR(A84,INDEX($B:$B,MATCH(D84,$D:$D,0)))","Mitsubishi Heavy","Mitsubishi Heavy FDTC50VH","?????????","5","18","????????","410000","RUB","Есть в наличии","Компактная кассетная система для офиса, кабинета или салона.","Тип: кассетная компактная сплит-система Холодопроизводительность: около 5.0 кВт Теплопроизводительность: около 5.4 кВт Типоразмер: 18 Компрессор: Инверторный Площадь помещения: до 50 м² Подходит для подвесного потолка","mitsubishi-heavy-fdtc50vh","assets/data/products/mitsubishi-heavy-fdtc50vh.json","./assets/images/products/_defaults/conditioner-placeholder.svg","Кондиционер Mitsubishi Heavy FDTC50VH"
"","FALSE","","Royal Clima","????? ???????: 9","","","","","","","","????????? ??????? ? ??????? B, ????? ??????? ???? ?????. ?????? ???? ????? ????????/?????????? ??????? ?????.","","","","",""
"FALSE","","=OR(A86,INDEX($B:$B,MATCH(D86,$D:$D,0)))","Royal Clima","Royal Clima ARIA DC Inverter RCI-AR22HN","?????????","2.12","07","????????","28890","RUB","Есть в наличии","Тихая инверторная сплит-система для небольшой комнаты или спальни.","Холодопроизводительность: 2.12 кВт Теплопроизводительность: около 2.35 кВт Типоразмер: 07 Компрессор: Инверторный Площадь помещения: до 20–21 м² Уровень шума внутреннего блока: от 21.5 дБ Хладагент: R32 Класс энергоэффективности: A/A","royal-clima-aria-dc-inverter-rci-ar22hn","assets/data/products/royal-clima-aria-dc-inverter-rci-ar22hn.json","./assets/images/products/_defaults/conditioner-placeholder.svg","Кондиционер Royal Clima ARIA DC Inverter RCI-AR22HN"
"FALSE","","=OR(A87,INDEX($B:$B,MATCH(D87,$D:$D,0)))","Royal Clima","Royal Clima ARIA DC Inverter RCI-AR35HN","?????????","3.52","12","????????","37690","RUB","Есть в наличии","Инверторная сплит-система для гостиной, большой комнаты или офиса.","Холодопроизводительность: 3.52 кВт Теплопроизводительность: 3.66 кВт Типоразмер: 12 Компрессор: Инверторный Площадь помещения: до 35 м² Уровень шума внутреннего блока: от 22 дБ Хладагент: R32 Работа на обогрев: до -15 °C","royal-clima-aria-dc-inverter-rci-ar35hn","assets/data/products/royal-clima-aria-dc-inverter-rci-ar35hn.json","./assets/images/products/_defaults/conditioner-placeholder.svg","Кондиционер Royal Clima ARIA DC Inverter RCI-AR35HN"
"FALSE","","=OR(A88,INDEX($B:$B,MATCH(D88,$D:$D,0)))","Royal Clima","Royal Clima Attica Nero Inverter RCI-AN35HN","?????????","3.47","12","????????","41790","RUB","Есть в наличии","Черная дизайнерская инверторная сплит-система для современного интерьера.","Холодопроизводительность: 3.47 кВт Теплопроизводительность: 3.6 кВт Типоразмер: 12 Компрессор: Инверторный Площадь помещения: до 35–40 м² Уровень шума внутреннего блока: от 21.5 дБ Класс энергоэффективности: A Цвет внутреннего блока: черный","royal-clima-attica-nero-inverter-rci-an35hn","assets/data/products/royal-clima-attica-nero-inverter-rci-an35hn.json","./assets/images/products/_defaults/conditioner-placeholder.svg","Кондиционер Royal Clima Attica Nero Inverter RCI-AN35HN"
"FALSE","","=OR(A89,INDEX($B:$B,MATCH(D89,$D:$D,0)))","Royal Clima","Royal Clima CO-F 18HN / CO-E 18HN","?????????","5.3","18","onoff","132000","RUB","Есть в наличии","Напольно-потолочная сплит-система для коммерческих помещений без подвесного потолка.","Тип: напольно-потолочная сплит-система Холодопроизводительность: около 5.3 кВт Теплопроизводительность: около 5.6 кВт Типоразмер: 18 Компрессор: On/Off Площадь помещения: до 50–55 м² Возможность установки у пола или под потолком","royal-clima-co-f-18hn-co-e-18hn","assets/data/products/royal-clima-co-f-18hn-co-e-18hn.json","./assets/images/products/_defaults/conditioner-placeholder.svg","Кондиционер Royal Clima CO-F 18HN / CO-E 18HN"
"FALSE","","=OR(A90,INDEX($B:$B,MATCH(D90,$D:$D,0)))","Royal Clima","Royal Clima CO-F 36HNX / CO-E 36HNX","?????????","10.5","36","onoff","245000","RUB","Есть в наличии","Мощная напольно-потолочная система для залов, кафе, магазинов и офисов open space.","Тип: напольно-потолочная сплит-система Холодопроизводительность: около 10.5 кВт Теплопроизводительность: около 11.0 кВт Типоразмер: 36 Компрессор: On/Off Площадь помещения: до 100–110 м² Подходит для помещений без подвесного потолка","royal-clima-co-f-36hnx-co-e-36hnx","assets/data/products/royal-clima-co-f-36hnx-co-e-36hnx.json","./assets/images/products/_defaults/conditioner-placeholder.svg","Кондиционер Royal Clima CO-F 36HNX / CO-E 36HNX"
"FALSE","","=OR(A91,INDEX($B:$B,MATCH(D91,$D:$D,0)))","Royal Clima","Royal Clima ESPERTO ES-C 36HREX / ES-E 36HEX","?????????","10.5","36","onoff","275000","RUB","Есть в наличии","Кассетная полупромышленная сплит-система для торговых и офисных помещений.","Тип: кассетная сплит-система Холодопроизводительность: около 10.5 кВт Теплопроизводительность: около 11.0 кВт Типоразмер: 36 Компрессор: On/Off Площадь помещения: до 100–110 м² Оптимальна для помещений с подвесным потолком","royal-clima-esperto-es-c-36hrex-es-e-36hex","assets/data/products/royal-clima-esperto-es-c-36hrex-es-e-36hex.json","./assets/images/products/_defaults/conditioner-placeholder.svg","Кондиционер Royal Clima ESPERTO ES-C 36HREX / ES-E 36HEX"
"FALSE","","=OR(A92,INDEX($B:$B,MATCH(D92,$D:$D,0)))","Royal Clima","Royal Clima Felicita Inverter RCI-FC22HN","?????????","2.35","09","????????","31990","RUB","Есть в наличии","Инверторная модель для спальни или небольшой комнаты с тихой работой.","Холодопроизводительность: 2.35 кВт Теплопроизводительность: 2.55 кВт Типоразмер: 09 Компрессор: Инверторный Площадь помещения: до 20–24 м² Уровень шума внутреннего блока: от 20 дБ Хладагент: R32 Wi‑Fi: встроенный или зависит от комплектации","royal-clima-felicita-inverter-rci-fc22hn","assets/data/products/royal-clima-felicita-inverter-rci-fc22hn.json","./assets/images/products/_defaults/conditioner-placeholder.svg","Кондиционер Royal Clima Felicita Inverter RCI-FC22HN"
"FALSE","","=OR(A93,INDEX($B:$B,MATCH(D93,$D:$D,0)))","Royal Clima","Royal Clima RM-MD35CN-E","?????????","3.5","12","onoff","42990","RUB","Есть в наличии","Мобильный кондиционер для помещений среднего размера.","Тип: мобильный напольный кондиционер Холодопроизводительность: около 3.5 кВт Типоразмер: 12 Компрессор: On/Off Площадь помещения: до 35 м² Требуется вывод горячего воздуха через воздуховод Подходит как временное решение без монтажа сплит-системы","royal-clima-rm-md35cn-e","assets/data/products/royal-clima-rm-md35cn-e.json","./assets/images/products/_defaults/conditioner-placeholder.svg","Кондиционер Royal Clima RM-MD35CN-E"
"FALSE","","=OR(A94,INDEX($B:$B,MATCH(D94,$D:$D,0)))","Royal Clima","Royal Clima RM-R26CN-E Race","?????????","2.6","09","onoff","31990","RUB","Есть в наличии","Мобильный кондиционер для квартиры, офиса, салона или дачи.","Тип: мобильный напольный кондиционер Холодопроизводительность: около 2.6 кВт Типоразмер: 09 Компрессор: On/Off Площадь помещения: до 25–26 м² Требуется вывод воздуховода Режимы: охлаждение, обогрев, вентиляция, осушение","royal-clima-rm-r26cn-e-race","assets/data/products/royal-clima-rm-r26cn-e-race.json","./assets/images/products/_defaults/conditioner-placeholder.svg","Кондиционер Royal Clima RM-R26CN-E Race"
"","FALSE","","TCL","????? ???????: 8","","","","","","","","????????? ??????? ? ??????? B, ????? ??????? ???? ?????. ?????? ???? ????? ????????/?????????? ??????? ?????.","","","","",""
"FALSE","","=OR(A96,INDEX($B:$B,MATCH(D96,$D:$D,0)))","TCL","TCL BreezeIN Pro TAC-BR09ONF/R","?????????","2.7","09","onoff","24152","RUB","Есть в наличии","Доступная настенная сплит-система для комнаты до 25–26 м².","Холодопроизводительность: 2.7 кВт Теплопроизводительность: 2.83 кВт Типоразмер: 09 Компрессор: On/Off Площадь помещения: до 25–26 м² Уровень шума внутреннего блока: 25–44 дБ Класс энергоэффективности: A Режимы: охлаждение, обогрев, вентиляция, осушение","tcl-breezein-pro-tac-br09onf-r","assets/data/products/tcl-breezein-pro-tac-br09onf-r.json","./assets/images/products/_defaults/conditioner-placeholder.svg","Кондиционер TCL BreezeIN Pro TAC-BR09ONF/R"
"FALSE","","=OR(A97,INDEX($B:$B,MATCH(D97,$D:$D,0)))","TCL","TCL BreezeIN Pro TAC-BR12ONF/R","?????????","3.6","12","onoff","32900","RUB","Есть в наличии","Настенная сплит-система для большой комнаты или офиса до 35 м².","Холодопроизводительность: 3.6 кВт Теплопроизводительность: 3.77 кВт Типоразмер: 12 Компрессор: On/Off Площадь помещения: до 35 м² Уровень шума внутреннего блока: 26–45 дБ Хладагент: R32 Wi‑Fi: встроенный в отдельных комплектациях","tcl-breezein-pro-tac-br12onf-r","assets/data/products/tcl-breezein-pro-tac-br12onf-r.json","./assets/images/products/_defaults/conditioner-placeholder.svg","Кондиционер TCL BreezeIN Pro TAC-BR12ONF/R"
"FALSE","","=OR(A98,INDEX($B:$B,MATCH(D98,$D:$D,0)))","TCL","TCL ELI 12 INV/R1","?????????","3.52","12","????????","28464","RUB","Есть в наличии","Инверторная сплит-система TCL для помещения до 35 м².","Холодопроизводительность: около 3.52 кВт Типоразмер: 12 Компрессор: Инверторный Площадь помещения: до 35 м² Мощность BTU: 12000 BTU Режимы: охлаждение, обогрев, осушение Особенности: Turbo, Sleep Цвет: белый","tcl-eli-12-inv-r1","assets/data/products/tcl-eli-12-inv-r1.json","./assets/images/products/_defaults/conditioner-placeholder.svg","Кондиционер TCL ELI 12 INV/R1"
"FALSE","","=OR(A99,INDEX($B:$B,MATCH(D99,$D:$D,0)))","TCL","TCL PML 09","?????????","2.6","09","onoff","32990","RUB","Есть в наличии","Мобильный кондиционер TCL для небольшой комнаты, квартиры или офиса.","Тип: мобильный напольный кондиционер Холодопроизводительность: около 2.6 кВт Типоразмер: 09 Компрессор: On/Off Площадь помещения: до 25–26 м² Требуется вывод горячего воздуха через воздуховод Режимы: охлаждение, вентиляция, осушение","tcl-pml-09","assets/data/products/tcl-pml-09.json","./assets/images/products/_defaults/conditioner-placeholder.svg","Кондиционер TCL PML 09"
"FALSE","","=OR(A100,INDEX($B:$B,MATCH(D100,$D:$D,0)))","TCL","TCL TAC-16CPB/NZW","?????????","4.6","16","onoff","59990","RUB","Есть в наличии","Мощный мобильный кондиционер для большой комнаты или офиса.","Тип: мобильный напольный кондиционер Холодопроизводительность: около 4.6 кВт Типоразмер: 16 Компрессор: On/Off Площадь помещения: до 45–50 м² Требуется вывод воздуховода Режимы: охлаждение, вентиляция, осушение","tcl-tac-16cpb-nzw","assets/data/products/tcl-tac-16cpb-nzw.json","./assets/images/products/_defaults/conditioner-placeholder.svg","Кондиционер TCL TAC-16CPB/NZW"
"FALSE","","=OR(A101,INDEX($B:$B,MATCH(D101,$D:$D,0)))","TCL","TCL TQC-18HRIA","?????????","5.3","18","????????","145000","RUB","Есть в наличии","Кассетная инверторная система для административных, офисных и коммерческих объектов.","Тип: кассетная сплит-система Холодопроизводительность: около 5.3 кВт Теплопроизводительность: около 5.8 кВт Типоразмер: 18 Компрессор: Инверторный Площадь помещения: до 50–55 м² Для монтажа в подвесной потолок","tcl-tqc-18hria","assets/data/products/tcl-tqc-18hria.json","./assets/images/products/_defaults/conditioner-placeholder.svg","Кондиционер TCL TQC-18HRIA"
"FALSE","","=OR(A102,INDEX($B:$B,MATCH(D102,$D:$D,0)))","TCL","TCL TQC-24HRIA","?????????","7","24","????????","175000","RUB","Есть в наличии","Кассетная система для магазинов, салонов и офисов среднего размера.","Тип: кассетная сплит-система Холодопроизводительность: около 7.0 кВт Теплопроизводительность: около 7.5 кВт Типоразмер: 24 Компрессор: Инверторный Площадь помещения: до 70 м² Коммерческая линейка TCL","tcl-tqc-24hria","assets/data/products/tcl-tqc-24hria.json","./assets/images/products/_defaults/conditioner-placeholder.svg","Кондиционер TCL TQC-24HRIA"
"FALSE","","=OR(A103,INDEX($B:$B,MATCH(D103,$D:$D,0)))","TCL","TCL TQC-36HRIA","?????????","10.5","36","????????","255000","RUB","Есть в наличии","Мощная кассетная система для коммерческих помещений.","Тип: кассетная сплит-система Холодопроизводительность: около 10.5 кВт Теплопроизводительность: около 11.5 кВт Типоразмер: 36 Компрессор: Инверторный Площадь помещения: до 100–110 м² Подходит для офисов open space и торговых помещений","tcl-tqc-36hria","assets/data/products/tcl-tqc-36hria.json","./assets/images/products/_defaults/conditioner-placeholder.svg","Кондиционер TCL TQC-36HRIA"